{
  "snowman-api-enabled": false,
  "coreth-admin-api-enabled": false,
  "coreth-admin-api-dir": "",
  "eth-apis": ["eth", "eth-filter", "net", "web3", "internal-eth", "internal-blockchain",  "internal-transaction", "internal-account"],
  "continuous-profiler-dir": "",
  "continuous-profiler-frequency": 900000000000,
  "continuous-profiler-max-files": 5,
  "rpc-gas-cap": 50000000,
  "rpc-tx-fee-cap": 100,
  "preimages-enabled": false,
  "pruning-enabled": true,
  "snapshot-async": true,
  "snapshot-verification-enabled": false,
  "metrics-enabled": false,
  "metrics-expensive-enabled": false,
  "local-txs-enabled": false,
  "api-max-duration": 0,
  "ws-cpu-refill-rate": 0,
  "ws-cpu-max-stored": 0,
  "api-max-blocks-per-request": 0,
  "allow-unfinalized-queries": false,
  "allow-unprotected-txs": false,
  "keystore-directory": "",
  "keystore-external-signer": "",
  "keystore-insecure-unlock-allowed": false,
  "remote-tx-gossip-only-enabled": false,
  "tx-regossip-frequency": 60000000000,
  "tx-regossip-max-size": 15,
  "log-level": "debug"
}
